organism_code,target_taxon_name,target_taxon_level,source,aphia_id,kingdom,phylum,class,order,family,genus,native
1010,Girardia tigrina,species,worms,482186,Animalia,Platyhelminthes,NA,Tricladida,Dugesiidae,Girardia,1
1130,Prostoma graecense,species,worms,689413,Animalia,Nemertea,Hoplonemertea,Monostilifera,Prostomatidae,Prostoma,1
1230,Dorylaimus sp. A,genus,worms,582922,Animalia,Nematoda,Enoplea,Dorylaimida,Dorylaimidae,Dorylaimus,1
2090,Dero trifida,species,worms,1040507,Animalia,Annelida,Clitellata,Tubificida,Naididae,Dero,1
2270,Slavina appendiculata,species,worms,157597,Animalia,Annelida,Clitellata,Tubificida,Naididae,Slavina,1
2410,Aulodrilus limnobius,species,worms,1040644,Animalia,Annelida,Clitellata,Tubificida,Naididae,Aulodrilus,1
2430,Aulodrilus pigueti,species,worms,1040647,Animalia,Annelida,Clitellata,Tubificida,Naididae,Aulodrilus,1
2450,Aulodrilus japonicus,species,worms,1037336,Animalia,Annelida,Clitellata,Tubificida,Naididae,Aulodrilus,1
2470,Bothrioneurum vejdovskyanum,species,worms,1040573,Animalia,Annelida,Clitellata,Tubificida,Naididae,Bothrioneurum,1
2490,Branchiura sowerbyi,species,worms,182695,Animalia,Annelida,Clitellata,Tubificida,Naididae,Branchiura,0
2510,Ilyodrilus frantzi,species,worms,1040676,Animalia,Annelida,Clitellata,Tubificida,Naididae,Ilyodrilus,1
2530,Ilyodrilus templetoni,species,worms,992890,Animalia,Annelida,Clitellata,Tubificida,Naididae,Ilyodrilus,1
2550,Limnodrilus hoffmeisteri,species,worms,137556,Animalia,Annelida,Clitellata,Tubificida,Naididae,Limnodrilus,1
2570,Limnodrilus udekemianus,species,worms,157593,Animalia,Annelida,Clitellata,Tubificida,Naididae,Limnodrilus,1
2610,Psammoryctides californianus,species,worms,1040661,Animalia,Annelida,Clitellata,Tubificida,Naididae,Psammoryctides,1
2630,Quistadrilus multisetosus,species,worms,1037349,Animalia,Annelida,Clitellata,Tubificida,Naididae,Quistadrilus,1
2650,Embolocephalus nikolskyi,species,worms,1040959,Animalia,Annelida,Clitellata,Tubificida,Naididae,Embolocephalus,1
2720,Tubificoides heterochaetus,species,worms,137577,Animalia,Annelida,Clitellata,Tubificida,Naididae,Tubificoides,1
2730,Varichaetadrilus angustipenis,species,worms,1041002,Animalia,Annelida,Clitellata,Tubificida,Naididae,Varichaetadrilus,0
2810,Sparganophilus tamesis,species,worms,992855,Animalia,Annelida,Clitellata,Crassiclitellata,Sparganophilidae,Sparganophilus,1
2840,Altmanella freidris,species,worms,1040874,Animalia,Annelida,Clitellata,Lumbriculida,Lumbriculidae,Altmanella,1
2850,Lumbriculus variegatus,species,worms,177538,Animalia,Annelida,Clitellata,Lumbriculida,Lumbriculidae,Lumbriculus,1
2970,Mooreobdella microstoma,species,itis,NA,Animalia,Annelida,Clitellata,Hirudinida,Erpobdellidae,Mooreobdella,1
3050,Boccardiella ligerica,species,worms,131114,Animalia,Annelida,Polychaeta,Spionida,Spionidae,Boccardiella,0
3090,Pseudopolydora kempi,species,worms,131167,Animalia,Annelida,Polychaeta,Spionida,Spionidae,Pseudopolydora,0
3110,Streblospio benedicti,species,worms,131191,Animalia,Annelida,Polychaeta,Spionida,Spionidae,Streblospio,0
3130,Marenzelleria neglecta,species,worms,181523,Animalia,Annelida,Polychaeta,Spionida,Spionidae,Marenzelleria,0
3170,Heteromastus filiformis,species,worms,129884,Animalia,Annelida,Polychaeta,NA,Capitellidae,Heteromastus,0
3330,Hediste limnicola,species,worms,333585,Animalia,Annelida,Polychaeta,Phyllodocida,Nereididae,Hediste,1
3370,Alitta succinea,species,worms,234850,Animalia,Annelida,Polychaeta,Phyllodocida,Nereididae,Alitta,0
3430,Manayunkia speciosa,species,worms,155021,Animalia,Annelida,Polychaeta,Sabellida,Fabriciidae,Manayunkia,0
3450,Laonome calida,species,worms,608090,Animalia,Annelida,Polychaeta,Sabellida,Sabellidae,Laonome,0
4030,Isocypris sp. A,genus,itis,NA,Animalia,Arthropoda,Ostracoda,Podocopida,Cyprididae,Isocypris,1
4050,Candona sp. A,genus,worms,415154,Animalia,Arthropoda,Ostracoda,Podocopida,Candonidae,Candona,1
4090,Cyprideis sp. A,genus,worms,127595,Animalia,Arthropoda,Ostracoda,Podocopida,Cytherideidae,Cyprideis,1
4150,Amphibalanus improvisus,species,worms,421139,Animalia,Arthropoda,Thecostraca,Balanomorpha,Balanidae,Amphibalanus,0
4230,Nippoleucon hinumensis,species,worms,182361,Animalia,Arthropoda,Malacostraca,Cumacea,Leuconidae,Nippoleucon,0
4270,Sinelobus stanfordi,species,worms,247737,Animalia,Arthropoda,Malacostraca,Tanaidacea,Tanaididae,Sinelobus,0
4310,Synidotea laticauda,species,worms,257397,Animalia,Arthropoda,Malacostraca,Isopoda,Idoteidae,Synidotea,0
4350,Gnorimosphaeroma insulare,species,worms,260458,Animalia,Arthropoda,Malacostraca,Isopoda,Sphaeromatidae,Gnorimosphaeroma,1
4370,Gnorimosphaeroma oregonense,species,worms,1264222,Animalia,Arthropoda,Malacostraca,Isopoda,Sphaeromatidae,Gnorimosphaeroma,1
4410,Uromunna sp. A,species,worms,118375,Animalia,Arthropoda,Malacostraca,Isopoda,Munnidae,Uromunna,0
4510,Ampelisca abdita,species,worms,158020,Animalia,Arthropoda,Malacostraca,Amphipoda,Ampeliscidae,Ampelisca,0
4550,Sinocorophium alienense,species,worms,431367,Animalia,Arthropoda,Malacostraca,Amphipoda,Corophiidae,Sinocorophium,0
4610,Americorophium spinicorne,species,worms,431330,Animalia,Arthropoda,Malacostraca,Amphipoda,Corophiidae,Americorophium,1
4630,Americorophium stimpsoni,species,worms,431331,Animalia,Arthropoda,Malacostraca,Amphipoda,Corophiidae,Americorophium,1
4670,Grandidierella japonica,species,worms,238740,Animalia,Arthropoda,Malacostraca,Amphipoda,Aoridae,Grandidierella,0
4750,Gammarus daiberi,species,worms,158091,Animalia,Arthropoda,Malacostraca,Amphipoda,Gammaridae,Gammarus,0
4810,Hyalella sp. A,genus,worms,158104,Animalia,Arthropoda,Malacostraca,Amphipoda,Hyalellidae,Hyalella,1
4950,Rhithropanopeus harrisii,species,worms,107414,Animalia,Arthropoda,Malacostraca,Decapoda,Panopeidae,Rhithropanopeus,0
5410,Procladius sp. A,genus,worms,156905,Animalia,Arthropoda,Hexapoda,Diptera,Chironomidae,Procladius,1
5550,Cryptochironomus sp. A,genus,worms,181574,Animalia,Arthropoda,Hexapoda,Diptera,Chironomidae,Cryptochironomus,1
6490,Fluminicola sp. A,genus,worms,717164,Animalia,Mollusca,Gastropoda,Littorinimorpha,Lithoglyphidae,Fluminicola,1
6530,Gyraulus circumstriatus,species,worms,751827,Animalia,Mollusca,Gastropoda,NA,Planorbidae,Gyraulus,1
6570,Physa sp. A,genus,worms,181551,Animalia,Mollusca,Gastropoda,NA,Physidae,Physa,1
6630,Melanoides tuberculata,species,worms,225694,Animalia,Mollusca,Gastropoda,Caenogastropoda,Thiaridae,Melanoides,0
6730,Corbicula fluminea,species,worms,181580,Animalia,Mollusca,Bivalvia,Venerida,Cyrenidae,Corbicula,0
6750,Euglesa casertana,species,worms,885716,Animalia,Mollusca,Bivalvia,Sphaeriida,Sphaeriidae,Euglesa,1
6770,Euglesa compressa,species,worms,1299015,Animalia,Mollusca,Bivalvia,Sphaeriida,Sphaeriidae,Euglesa,1
6810,Macoma petalum,species,worms,397131,Animalia,Mollusca,Bivalvia,Cardiida,Tellinidae,Macoma,0
6890,Potamocorbula amurensis,species,worms,397175,Animalia,Mollusca,Bivalvia,Myida,Corbulidae,Potamocorbula,0
